{"taxi": {"train": 0.14864864864864866, "restaurant": 0.05945945945945946, "hotel": 0.016216216216216217}, "restaurant": {"hotel": 0.007633587786259542, "train": 0.022900763358778626, "taxi": 0.01984732824427481}, "train": {"taxi": 0.0895361380798274, "restaurant": 0.005393743257820928, "hotel": 0.004314994606256742}, "hotel": {"train": 0.0258751902587519, "restaurant": 0.0060882800608828, "taxi": 0.0076103500761035}}