{
  "detection": {
    "prec": 0.9560278490289483,
    "rec": 0.9760568649457538,
    "f1": 0.9659385412810071
  },
  "selection": {
    "mrr@5": 0.7917252869307662,
    "r@1": 0.6930766382821176,
    "r@5": 0.9252128841169937
  },
  "generation": {
    "bleu-1": 0.3516918321133581,
    "bleu-2": 0.2135874350379996,
    "bleu-3": 0.13220235558802385,
    "bleu-4": 0.08926321322751062,
    "meteor": 0.3530815563919331,
    "rouge_1": 0.38611409260520835,
    "rouge_2": 0.1690450063259543,
    "rouge_l": 0.34138253597328544
  }
}